{
  "lang":"ru",
  "name":"pipeline",
  "version":"0.0.0",
  "spacy_version":">=3.8.7,<3.9.0",
  "description":"",
  "author":"",
  "email":"",
  "url":"",
  "license":"",
  "spacy_git_version":"4b65aa7",
  "vectors":{
    "width":0,
    "vectors":0,
    "keys":0,
    "name":null,
    "mode":"default"
  },
  "labels":{
    "tok2vec":[

    ],
    "ner":[
      "ADDITIONAL",
      "ADVANCE",
      "CARGO",
      "FROM",
      "LOADING_TIME",
      "PAYMENT",
      "PHONENUMBER",
      "TO",
      "VEHICLE",
      "VEHICLE_QUANTITY",
      "WEIGHT"
    ]
  },
  "pipeline":[
    "tok2vec",
    "ner"
  ],
  "components":[
    "tok2vec",
    "ner"
  ],
  "disabled":[

  ],
  "performance":{
    "ents_f":0.9947027663,
    "ents_p":0.9952885748,
    "ents_r":0.9941176471,
    "ents_per_type":{
      "CARGO":{
        "p":0.9931506849,
        "r":0.9797297297,
        "f":0.9863945578
      },
      "WEIGHT":{
        "p":0.9946524064,
        "r":0.9946524064,
        "f":0.9946524064
      },
      "FROM":{
        "p":0.989626556,
        "r":1.0,
        "f":0.9947862357
      },
      "VEHICLE":{
        "p":0.9936908517,
        "r":0.996835443,
        "f":0.9952606635
      },
      "VEHICLE_QUANTITY":{
        "p":1.0,
        "r":0.9907407407,
        "f":0.9953488372
      },
      "TO":{
        "p":0.9978991597,
        "r":0.9978991597,
        "f":0.9978991597
      },
      "ADDITIONAL":{
        "p":1.0,
        "r":1.0,
        "f":1.0
      },
      "LOADING_TIME":{
        "p":0.9935483871,
        "r":0.9808917197,
        "f":0.9871794872
      },
      "PHONENUMBER":{
        "p":1.0,
        "r":0.9871794872,
        "f":0.9935483871
      },
      "PAYMENT":{
        "p":1.0,
        "r":1.0,
        "f":1.0
      },
      "ADVANCE":{
        "p":1.0,
        "r":1.0,
        "f":1.0
      }
    },
    "tok2vec_loss":546.5399173572,
    "ner_loss":692.8314819336
  }
}